{
  "properties": {
    "connectionReferences": {},
    "definition": {
      "$schema": "https://schema.management.azure.com/providers/Microsoft.Logic/schemas/2016-06-01/workflowdefinition.json#",
      "contentVersion": "1.0.0.0",
      "parameters": {
        "$authentication": {
          "defaultValue": {},
          "type": "SecureObject"
        }
      },
      "triggers": {
        "manual": {
          "metadata": {
            "operationMetadataId": "8add3e5e-890a-4d0b-9476-cedcba001232"
          },
          "type": "Request",
          "kind": "VirtualAgent",
          "inputs": {
            "schema": {
              "type": "object",
              "properties": {},
              "required": []
            }
          }
        }
      },
      "actions": {
        "Return_value(s)_to_Power_Virtual_Agents": {
          "runAfter": {
            "回答履歴": [
              "Succeeded"
            ]
          },
          "metadata": {
            "operationMetadataId": "a75b64a6-d4b2-4965-b625-bf6a3e82c4c1"
          },
          "type": "Response",
          "kind": "VirtualAgent",
          "inputs": {
            "statusCode": 200,
            "body": {
              "答え": "@{outputs('答え')}",
              "回答履歴": "@{outputs('回答履歴')}"
            },
            "schema": {
              "type": "object",
              "properties": {
                "答え": {
                  "title": "答え",
                  "x-ms-dynamically-added": true,
                  "type": "string"
                },
                "回答履歴": {
                  "title": "回答履歴",
                  "x-ms-dynamically-added": true,
                  "type": "string"
                }
              }
            }
          }
        },
        "答えの候補": {
          "runAfter": {},
          "metadata": {
            "operationMetadataId": "7e0c6d22-93c5-46b1-a112-e63bb8d34af9"
          },
          "type": "Compose",
          "inputs": [
            "APPLE",
            "POINT",
            "CIGAR",
            "REBUT",
            "SISSY",
            "HUMPH",
            "AWAKE",
            "BLUSH",
            "FOCAL",
            "EVADE"
          ]
        },
        "答え": {
          "runAfter": {
            "答えの候補": [
              "Succeeded"
            ]
          },
          "metadata": {
            "operationMetadataId": "db7d89e8-649d-4210-8a37-416a73bcf463"
          },
          "type": "Compose",
          "inputs": "@outputs('答えの候補')?[rand(0,length(outputs('答えの候補')))]"
        },
        "回答履歴": {
          "runAfter": {
            "答え": [
              "Succeeded"
            ]
          },
          "metadata": {
            "operationMetadataId": "32e38a09-5d43-41a2-a79c-e7c5aad08d3c"
          },
          "type": "Compose",
          "inputs": "@null"
        }
      },
      "outputs": {}
    },
    "templateName": null
  },
  "schemaVersion": "1.0.0.0"
}