{
  "properties": {
    "connectionReferences": {},
    "definition": {
      "$schema": "https://schema.management.azure.com/providers/Microsoft.Logic/schemas/2016-06-01/workflowdefinition.json#",
      "contentVersion": "1.0.0.0",
      "parameters": {
        "$authentication": {
          "defaultValue": {},
          "type": "SecureObject"
        }
      },
      "triggers": {
        "manual": {
          "metadata": {
            "operationMetadataId": "223e3a09-7813-4c25-9832-125272429736"
          },
          "type": "Request",
          "kind": "VirtualAgent",
          "inputs": {
            "schema": {
              "type": "object",
              "properties": {
                "text": {
                  "title": "答え",
                  "type": "string",
                  "x-ms-dynamically-added": true,
                  "description": "入力を指定してください",
                  "x-ms-content-hint": "TEXT"
                },
                "text_1": {
                  "title": "回答履歴",
                  "type": "string",
                  "x-ms-dynamically-added": true,
                  "description": "入力を指定してください",
                  "x-ms-content-hint": "TEXT"
                },
                "text_2": {
                  "title": "回答",
                  "type": "string",
                  "x-ms-dynamically-added": true,
                  "description": "入力を指定してください",
                  "x-ms-content-hint": "TEXT"
                }
              },
              "required": [
                "text",
                "text_1",
                "text_2"
              ]
            }
          }
        }
      },
      "actions": {
        "Return_value(s)_to_Power_Virtual_Agents": {
          "runAfter": {
            "条件": [
              "Succeeded"
            ]
          },
          "metadata": {
            "operationMetadataId": "1df0e2b4-8396-41cf-b039-1798c1de0fa7"
          },
          "type": "Response",
          "kind": "VirtualAgent",
          "inputs": {
            "statusCode": 200,
            "body": {
              "結果": "@{concat(outputs('結果_1'),outputs('結果_2'),outputs('結果_3'),outputs('結果_4'),outputs('結果_5'),outputs('結果_6'))}",
              "回答履歴＋": "@{outputs('回答履歴+回答')}",
              "当り": "@{variables('isCorrect')}"
            },
            "schema": {
              "type": "object",
              "properties": {
                "結果": {
                  "title": "結果",
                  "x-ms-dynamically-added": true,
                  "type": "string"
                },
                "回答履歴＋": {
                  "title": "回答履歴＋",
                  "x-ms-dynamically-added": true,
                  "type": "string"
                },
                "当り": {
                  "title": "当り",
                  "x-ms-dynamically-added": true,
                  "type": "boolean"
                }
              }
            }
          }
        },
        "答え": {
          "runAfter": {},
          "metadata": {
            "operationMetadataId": "bfb5b1f1-243b-40c1-8ea5-993f8220ff83"
          },
          "type": "Compose",
          "inputs": "@triggerBody()['text']"
        },
        "答え_array": {
          "runAfter": {
            "答え": [
              "Succeeded"
            ]
          },
          "metadata": {
            "operationMetadataId": "8ced65f4-0e02-44e5-8531-5ce45dc78569"
          },
          "type": "Select",
          "inputs": {
            "from": "@range(0,length(outputs('答え')))",
            "select": "@substring(outputs('答え'),item(),1)"
          }
        },
        "回答履歴+回答_array": {
          "runAfter": {
            "回答履歴+回答": [
              "Succeeded"
            ]
          },
          "metadata": {
            "operationMetadataId": "39e7526a-567e-415a-9201-3bfebdd2e250"
          },
          "type": "Compose",
          "inputs": "@split(outputs('回答履歴+回答'),',')"
        },
        "背景色1": {
          "runAfter": {
            "回答履歴+回答_array": [
              "Succeeded"
            ]
          },
          "metadata": {
            "operationMetadataId": "a01b7dd0-4a6f-4890-885b-519106fd09f4"
          },
          "type": "Compose",
          "inputs": "115,173,89"
        },
        "背景色2": {
          "runAfter": {
            "背景色1": [
              "Succeeded"
            ]
          },
          "metadata": {
            "operationMetadataId": "be08292d-6b9b-4487-a2d7-25dcdfba0f18"
          },
          "type": "Compose",
          "inputs": "198,182,60"
        },
        "背景色3": {
          "runAfter": {
            "背景色2": [
              "Succeeded"
            ]
          },
          "metadata": {
            "operationMetadataId": "817e6ddd-fb5f-4551-8a90-7db54ac65e3a"
          },
          "type": "Compose",
          "inputs": "122,125,127"
        },
        "答え合わせ処理_1": {
          "actions": {
            "答え合わせ_1": {
              "runAfter": {},
              "metadata": {
                "operationMetadataId": "074cf1f8-db6c-4493-8532-99d7cd422498"
              },
              "type": "Select",
              "inputs": {
                "from": "@range(0,length(outputs('回答履歴+回答_array')?[variables('intCount')]))",
                "select": "@if(equals(substring(outputs('回答履歴+回答_array')?[variables('intCount')],item(),1),substring(outputs('答え'),item(),1)),outputs('背景色1'),if(contains(outputs('答え'),substring(outputs('回答履歴+回答_array')?[variables('intCount')],item(),1)),outputs('背景色2'),outputs('背景色3')))"
              }
            },
            "結果_1": {
              "runAfter": {
                "答え合わせ_1": [
                  "Succeeded"
                ]
              },
              "metadata": {
                "operationMetadataId": "54dc3595-7a3d-4c21-871f-97ec684d0283"
              },
              "type": "Compose",
              "inputs": "\n<span style=\"color: WHITE; background-color:rgb(@{body('答え合わせ_1')?[0]}); font-family:'游ゴシック体'; font-size: 25px;\">&nbsp;@{substring(outputs('回答履歴+回答_array')?[variables('intCount')],0,1)}&nbsp;</span>\n<span style=\"color: WHITE; background-color:rgb(@{body('答え合わせ_1')?[1]}); font-family:'游ゴシック体'; font-size: 25px;\">&nbsp;@{substring(outputs('回答履歴+回答_array')?[variables('intCount')],1,1)}&nbsp;</span>\n<span style=\"color: WHITE; background-color:rgb(@{body('答え合わせ_1')?[2]}); font-family:'游ゴシック体'; font-size: 25px;\">&nbsp;@{substring(outputs('回答履歴+回答_array')?[variables('intCount')],2,1)}&nbsp;</span>\n<span style=\"color: WHITE; background-color:rgb(@{body('答え合わせ_1')?[3]}); font-family:'游ゴシック体'; font-size: 25px;\">&nbsp;@{substring(outputs('回答履歴+回答_array')?[variables('intCount')],3,1)}&nbsp;</span>\n<span style=\"color: WHITE; background-color:rgb(@{body('答え合わせ_1')?[4]}); font-family:'游ゴシック体'; font-size: 25px;\">&nbsp;@{substring(outputs('回答履歴+回答_array')?[variables('intCount')],4,1)}&nbsp;</span>"
            }
          },
          "runAfter": {
            "intCount": [
              "Succeeded"
            ]
          },
          "metadata": {
            "operationMetadataId": "cf048eee-3f3e-451c-8e3e-8db781b890ba"
          },
          "type": "Scope"
        },
        "intCount": {
          "runAfter": {
            "背景色3": [
              "Succeeded"
            ]
          },
          "metadata": {
            "operationMetadataId": "5c0dbf40-b940-4ef8-b6b5-82832cbf93c8"
          },
          "type": "InitializeVariable",
          "inputs": {
            "variables": [
              {
                "name": "intCount",
                "type": "integer",
                "value": 0
              }
            ]
          }
        },
        "答え合わせ処理_2": {
          "actions": {
            "変数の値を増やす_2": {
              "runAfter": {},
              "metadata": {
                "operationMetadataId": "5b19f325-f5fb-42d1-8620-3effb5b492f0"
              },
              "type": "IncrementVariable",
              "inputs": {
                "name": "intCount",
                "value": 1
              }
            },
            "条件_2": {
              "actions": {
                "答え合わせ_2": {
                  "runAfter": {},
                  "metadata": {
                    "operationMetadataId": "074cf1f8-db6c-4493-8532-99d7cd422498"
                  },
                  "type": "Select",
                  "inputs": {
                    "from": "@range(0, length(outputs('回答履歴+回答_array')?[variables('intCount')]))",
                    "select": "@if(equals(substring(outputs('回答履歴+回答_array')?[variables('intCount')], item(), 1), substring(outputs('答え'), item(), 1)), outputs('背景色1'), if(contains(outputs('答え'), substring(outputs('回答履歴+回答_array')?[variables('intCount')], item(), 1)), outputs('背景色2'), outputs('背景色3')))"
                  }
                },
                "結果_2": {
                  "runAfter": {
                    "答え合わせ_2": [
                      "Succeeded"
                    ]
                  },
                  "metadata": {
                    "operationMetadataId": "54dc3595-7a3d-4c21-871f-97ec684d0283"
                  },
                  "type": "Compose",
                  "inputs": "\n\n\n<span style=\"color: WHITE; background-color:rgb(@{body('答え合わせ_2')?[0]}); font-family:'游ゴシック体'; font-size: 25px;\">&nbsp;@{substring(outputs('回答履歴+回答_array')?[variables('intCount')], 0, 1)}&nbsp;</span>\n<span style=\"color: WHITE; background-color:rgb(@{body('答え合わせ_2')?[1]}); font-family:'游ゴシック体'; font-size: 25px;\">&nbsp;@{substring(outputs('回答履歴+回答_array')?[variables('intCount')], 1, 1)}&nbsp;</span>\n<span style=\"color: WHITE; background-color:rgb(@{body('答え合わせ_2')?[2]}); font-family:'游ゴシック体'; font-size: 25px;\">&nbsp;@{substring(outputs('回答履歴+回答_array')?[variables('intCount')], 2, 1)}&nbsp;</span>\n<span style=\"color: WHITE; background-color:rgb(@{body('答え合わせ_2')?[3]}); font-family:'游ゴシック体'; font-size: 25px;\">&nbsp;@{substring(outputs('回答履歴+回答_array')?[variables('intCount')], 3, 1)}&nbsp;</span>\n<span style=\"color: WHITE; background-color:rgb(@{body('答え合わせ_2')?[4]}); font-family:'游ゴシック体'; font-size: 25px;\">&nbsp;@{substring(outputs('回答履歴+回答_array')?[variables('intCount')], 4, 1)}&nbsp;</span>"
                }
              },
              "runAfter": {
                "変数の値を増やす_2": [
                  "Succeeded"
                ]
              },
              "expression": {
                "not": {
                  "equals": [
                    "@outputs('回答履歴+回答_array')?[variables('intCount')]",
                    "@null"
                  ]
                }
              },
              "metadata": {
                "operationMetadataId": "ee3ddac8-4981-49ff-80ed-446ef75adb8d"
              },
              "type": "If"
            }
          },
          "runAfter": {
            "答え合わせ処理_1": [
              "Succeeded"
            ]
          },
          "metadata": {
            "operationMetadataId": "6a39caac-8e5f-4d78-8813-df121415f61b"
          },
          "type": "Scope"
        },
        "答え合わせ処理_3": {
          "actions": {
            "変数の値を増やす_3": {
              "runAfter": {},
              "metadata": {
                "operationMetadataId": "5b19f325-f5fb-42d1-8620-3effb5b492f0"
              },
              "type": "IncrementVariable",
              "inputs": {
                "name": "intCount",
                "value": 1
              }
            },
            "条件_3": {
              "actions": {
                "答え合わせ_3": {
                  "runAfter": {},
                  "metadata": {
                    "operationMetadataId": "074cf1f8-db6c-4493-8532-99d7cd422498"
                  },
                  "type": "Select",
                  "inputs": {
                    "from": "@range(0, length(outputs('回答履歴+回答_array')?[variables('intCount')]))",
                    "select": "@if(equals(substring(outputs('回答履歴+回答_array')?[variables('intCount')], item(), 1), substring(outputs('答え'), item(), 1)), outputs('背景色1'), if(contains(outputs('答え'), substring(outputs('回答履歴+回答_array')?[variables('intCount')], item(), 1)), outputs('背景色2'), outputs('背景色3')))"
                  }
                },
                "結果_3": {
                  "runAfter": {
                    "答え合わせ_3": [
                      "Succeeded"
                    ]
                  },
                  "metadata": {
                    "operationMetadataId": "54dc3595-7a3d-4c21-871f-97ec684d0283"
                  },
                  "type": "Compose",
                  "inputs": "\n\n\n<span style=\"color: WHITE; background-color:rgb(@{body('答え合わせ_3')?[0]}); font-family:'游ゴシック体'; font-size: 25px;\">&nbsp;@{substring(outputs('回答履歴+回答_array')?[variables('intCount')], 0, 1)}&nbsp;</span>\n<span style=\"color: WHITE; background-color:rgb(@{body('答え合わせ_3')?[1]}); font-family:'游ゴシック体'; font-size: 25px;\">&nbsp;@{substring(outputs('回答履歴+回答_array')?[variables('intCount')], 1, 1)}&nbsp;</span>\n<span style=\"color: WHITE; background-color:rgb(@{body('答え合わせ_3')?[2]}); font-family:'游ゴシック体'; font-size: 25px;\">&nbsp;@{substring(outputs('回答履歴+回答_array')?[variables('intCount')], 2, 1)}&nbsp;</span>\n<span style=\"color: WHITE; background-color:rgb(@{body('答え合わせ_3')?[3]}); font-family:'游ゴシック体'; font-size: 25px;\">&nbsp;@{substring(outputs('回答履歴+回答_array')?[variables('intCount')], 3, 1)}&nbsp;</span>\n<span style=\"color: WHITE; background-color:rgb(@{body('答え合わせ_3')?[4]}); font-family:'游ゴシック体'; font-size: 25px;\">&nbsp;@{substring(outputs('回答履歴+回答_array')?[variables('intCount')], 4, 1)}&nbsp;</span>"
                }
              },
              "runAfter": {
                "変数の値を増やす_3": [
                  "Succeeded"
                ]
              },
              "expression": {
                "not": {
                  "equals": [
                    "@outputs('回答履歴+回答_array')?[variables('intCount')]",
                    "@null"
                  ]
                }
              },
              "metadata": {
                "operationMetadataId": "ee3ddac8-4981-49ff-80ed-446ef75adb8d"
              },
              "type": "If"
            }
          },
          "runAfter": {
            "答え合わせ処理_2": [
              "Succeeded"
            ]
          },
          "metadata": {
            "operationMetadataId": "6a39caac-8e5f-4d78-8813-df121415f61b"
          },
          "type": "Scope"
        },
        "答え合わせ処理_4": {
          "actions": {
            "変数の値を増やす_4": {
              "runAfter": {},
              "metadata": {
                "operationMetadataId": "5b19f325-f5fb-42d1-8620-3effb5b492f0"
              },
              "type": "IncrementVariable",
              "inputs": {
                "name": "intCount",
                "value": 1
              }
            },
            "条件_4": {
              "actions": {
                "答え合わせ_4": {
                  "runAfter": {},
                  "metadata": {
                    "operationMetadataId": "074cf1f8-db6c-4493-8532-99d7cd422498"
                  },
                  "type": "Select",
                  "inputs": {
                    "from": "@range(0, length(outputs('回答履歴+回答_array')?[variables('intCount')]))",
                    "select": "@if(equals(substring(outputs('回答履歴+回答_array')?[variables('intCount')], item(), 1), substring(outputs('答え'), item(), 1)), outputs('背景色1'), if(contains(outputs('答え'), substring(outputs('回答履歴+回答_array')?[variables('intCount')], item(), 1)), outputs('背景色2'), outputs('背景色3')))"
                  }
                },
                "結果_4": {
                  "runAfter": {
                    "答え合わせ_4": [
                      "Succeeded"
                    ]
                  },
                  "metadata": {
                    "operationMetadataId": "54dc3595-7a3d-4c21-871f-97ec684d0283"
                  },
                  "type": "Compose",
                  "inputs": "\n\n\n<span style=\"color: WHITE; background-color:rgb(@{body('答え合わせ_4')?[0]}); font-family:'游ゴシック体'; font-size: 25px;\">&nbsp;@{substring(outputs('回答履歴+回答_array')?[variables('intCount')], 0, 1)}&nbsp;</span>\n<span style=\"color: WHITE; background-color:rgb(@{body('答え合わせ_4')?[1]}); font-family:'游ゴシック体'; font-size: 25px;\">&nbsp;@{substring(outputs('回答履歴+回答_array')?[variables('intCount')], 1, 1)}&nbsp;</span>\n<span style=\"color: WHITE; background-color:rgb(@{body('答え合わせ_4')?[2]}); font-family:'游ゴシック体'; font-size: 25px;\">&nbsp;@{substring(outputs('回答履歴+回答_array')?[variables('intCount')], 2, 1)}&nbsp;</span>\n<span style=\"color: WHITE; background-color:rgb(@{body('答え合わせ_4')?[3]}); font-family:'游ゴシック体'; font-size: 25px;\">&nbsp;@{substring(outputs('回答履歴+回答_array')?[variables('intCount')], 3, 1)}&nbsp;</span>\n<span style=\"color: WHITE; background-color:rgb(@{body('答え合わせ_4')?[4]}); font-family:'游ゴシック体'; font-size: 25px;\">&nbsp;@{substring(outputs('回答履歴+回答_array')?[variables('intCount')], 4, 1)}&nbsp;</span>"
                }
              },
              "runAfter": {
                "変数の値を増やす_4": [
                  "Succeeded"
                ]
              },
              "expression": {
                "not": {
                  "equals": [
                    "@outputs('回答履歴+回答_array')?[variables('intCount')]",
                    "@null"
                  ]
                }
              },
              "metadata": {
                "operationMetadataId": "ee3ddac8-4981-49ff-80ed-446ef75adb8d"
              },
              "type": "If"
            }
          },
          "runAfter": {
            "答え合わせ処理_3": [
              "Succeeded"
            ]
          },
          "metadata": {
            "operationMetadataId": "6a39caac-8e5f-4d78-8813-df121415f61b"
          },
          "type": "Scope"
        },
        "答え合わせ処理_5": {
          "actions": {
            "変数の値を増やす_5": {
              "runAfter": {},
              "metadata": {
                "operationMetadataId": "5b19f325-f5fb-42d1-8620-3effb5b492f0"
              },
              "type": "IncrementVariable",
              "inputs": {
                "name": "intCount",
                "value": 1
              }
            },
            "条件_5": {
              "actions": {
                "答え合わせ_5": {
                  "runAfter": {},
                  "metadata": {
                    "operationMetadataId": "074cf1f8-db6c-4493-8532-99d7cd422498"
                  },
                  "type": "Select",
                  "inputs": {
                    "from": "@range(0, length(outputs('回答履歴+回答_array')?[variables('intCount')]))",
                    "select": "@if(equals(substring(outputs('回答履歴+回答_array')?[variables('intCount')], item(), 1), substring(outputs('答え'), item(), 1)), outputs('背景色1'), if(contains(outputs('答え'), substring(outputs('回答履歴+回答_array')?[variables('intCount')], item(), 1)), outputs('背景色2'), outputs('背景色3')))"
                  }
                },
                "結果_5": {
                  "runAfter": {
                    "答え合わせ_5": [
                      "Succeeded"
                    ]
                  },
                  "metadata": {
                    "operationMetadataId": "54dc3595-7a3d-4c21-871f-97ec684d0283"
                  },
                  "type": "Compose",
                  "inputs": "\n\n\n<span style=\"color: WHITE; background-color:rgb(@{body('答え合わせ_5')?[0]}); font-family:'游ゴシック体'; font-size: 25px;\">&nbsp;@{substring(outputs('回答履歴+回答_array')?[variables('intCount')], 0, 1)}&nbsp;</span>\n<span style=\"color: WHITE; background-color:rgb(@{body('答え合わせ_5')?[1]}); font-family:'游ゴシック体'; font-size: 25px;\">&nbsp;@{substring(outputs('回答履歴+回答_array')?[variables('intCount')], 1, 1)}&nbsp;</span>\n<span style=\"color: WHITE; background-color:rgb(@{body('答え合わせ_5')?[2]}); font-family:'游ゴシック体'; font-size: 25px;\">&nbsp;@{substring(outputs('回答履歴+回答_array')?[variables('intCount')], 2, 1)}&nbsp;</span>\n<span style=\"color: WHITE; background-color:rgb(@{body('答え合わせ_5')?[3]}); font-family:'游ゴシック体'; font-size: 25px;\">&nbsp;@{substring(outputs('回答履歴+回答_array')?[variables('intCount')], 3, 1)}&nbsp;</span>\n<span style=\"color: WHITE; background-color:rgb(@{body('答え合わせ_5')?[4]}); font-family:'游ゴシック体'; font-size: 25px;\">&nbsp;@{substring(outputs('回答履歴+回答_array')?[variables('intCount')], 4, 1)}&nbsp;</span>"
                }
              },
              "runAfter": {
                "変数の値を増やす_5": [
                  "Succeeded"
                ]
              },
              "expression": {
                "not": {
                  "equals": [
                    "@outputs('回答履歴+回答_array')?[variables('intCount')]",
                    "@null"
                  ]
                }
              },
              "metadata": {
                "operationMetadataId": "ee3ddac8-4981-49ff-80ed-446ef75adb8d"
              },
              "type": "If"
            }
          },
          "runAfter": {
            "答え合わせ処理_4": [
              "Succeeded"
            ]
          },
          "metadata": {
            "operationMetadataId": "6a39caac-8e5f-4d78-8813-df121415f61b"
          },
          "type": "Scope"
        },
        "答え合わせ処理_6": {
          "actions": {
            "変数の値を増やす_6": {
              "runAfter": {},
              "metadata": {
                "operationMetadataId": "5b19f325-f5fb-42d1-8620-3effb5b492f0"
              },
              "type": "IncrementVariable",
              "inputs": {
                "name": "intCount",
                "value": 1
              }
            },
            "条件_6": {
              "actions": {
                "答え合わせ_6": {
                  "runAfter": {},
                  "metadata": {
                    "operationMetadataId": "074cf1f8-db6c-4493-8532-99d7cd422498"
                  },
                  "type": "Select",
                  "inputs": {
                    "from": "@range(0, length(outputs('回答履歴+回答_array')?[variables('intCount')]))",
                    "select": "@if(equals(substring(outputs('回答履歴+回答_array')?[variables('intCount')], item(), 1), substring(outputs('答え'), item(), 1)), outputs('背景色1'), if(contains(outputs('答え'), substring(outputs('回答履歴+回答_array')?[variables('intCount')], item(), 1)), outputs('背景色2'), outputs('背景色3')))"
                  }
                },
                "結果_6": {
                  "runAfter": {
                    "答え合わせ_6": [
                      "Succeeded"
                    ]
                  },
                  "metadata": {
                    "operationMetadataId": "54dc3595-7a3d-4c21-871f-97ec684d0283"
                  },
                  "type": "Compose",
                  "inputs": "\n\n\n<span style=\"color: WHITE; background-color:rgb(@{body('答え合わせ_6')?[0]}); font-family:'游ゴシック体'; font-size: 25px;\">&nbsp;@{substring(outputs('回答履歴+回答_array')?[variables('intCount')], 0, 1)}&nbsp;</span>\n<span style=\"color: WHITE; background-color:rgb(@{body('答え合わせ_6')?[1]}); font-family:'游ゴシック体'; font-size: 25px;\">&nbsp;@{substring(outputs('回答履歴+回答_array')?[variables('intCount')], 1, 1)}&nbsp;</span>\n<span style=\"color: WHITE; background-color:rgb(@{body('答え合わせ_6')?[2]}); font-family:'游ゴシック体'; font-size: 25px;\">&nbsp;@{substring(outputs('回答履歴+回答_array')?[variables('intCount')], 2, 1)}&nbsp;</span>\n<span style=\"color: WHITE; background-color:rgb(@{body('答え合わせ_6')?[3]}); font-family:'游ゴシック体'; font-size: 25px;\">&nbsp;@{substring(outputs('回答履歴+回答_array')?[variables('intCount')], 3, 1)}&nbsp;</span>\n<span style=\"color: WHITE; background-color:rgb(@{body('答え合わせ_6')?[4]}); font-family:'游ゴシック体'; font-size: 25px;\">&nbsp;@{substring(outputs('回答履歴+回答_array')?[variables('intCount')], 4, 1)}&nbsp;</span>"
                }
              },
              "runAfter": {
                "変数の値を増やす_6": [
                  "Succeeded"
                ]
              },
              "expression": {
                "not": {
                  "equals": [
                    "@outputs('回答履歴+回答_array')?[variables('intCount')]",
                    "@null"
                  ]
                }
              },
              "metadata": {
                "operationMetadataId": "ee3ddac8-4981-49ff-80ed-446ef75adb8d"
              },
              "type": "If"
            }
          },
          "runAfter": {
            "答え合わせ処理_5": [
              "Succeeded"
            ]
          },
          "metadata": {
            "operationMetadataId": "6a39caac-8e5f-4d78-8813-df121415f61b"
          },
          "type": "Scope"
        },
        "回答履歴+回答": {
          "runAfter": {
            "答え_array": [
              "Succeeded"
            ]
          },
          "metadata": {
            "operationMetadataId": "12ee47e3-aa1d-46d5-9ab8-f4ef5cde6885"
          },
          "type": "Compose",
          "inputs": "@if(empty(triggerBody()['text_1']),triggerBody()['text_2'],concat(triggerBody()['text_1'],',',triggerBody()['text_2']))"
        },
        "条件": {
          "actions": {
            "変数の設定": {
              "runAfter": {},
              "metadata": {
                "operationMetadataId": "004ebd41-9063-4078-b732-6615f664d8ff"
              },
              "type": "SetVariable",
              "inputs": {
                "name": "iscorrect",
                "value": "@true"
              }
            }
          },
          "runAfter": {
            "変数を初期化する": [
              "Succeeded"
            ]
          },
          "else": {
            "actions": {
              "変数の設定_2": {
                "runAfter": {},
                "metadata": {
                  "operationMetadataId": "18d6961b-dce6-473b-ba17-2bd2c3dd3eb1"
                },
                "type": "SetVariable",
                "inputs": {
                  "name": "isCorrect",
                  "value": "@false"
                }
              }
            }
          },
          "expression": {
            "equals": [
              "@triggerBody()['text']",
              "@triggerBody()['text_2']"
            ]
          },
          "metadata": {
            "operationMetadataId": "a90848c9-f31c-49fb-a0e2-20e4841106c5"
          },
          "type": "If"
        },
        "変数を初期化する": {
          "runAfter": {
            "答え合わせ処理_6": [
              "Succeeded"
            ]
          },
          "metadata": {
            "operationMetadataId": "d30b15db-6171-4f44-9bad-dd42b80ce056"
          },
          "type": "InitializeVariable",
          "inputs": {
            "variables": [
              {
                "name": "isCorrect",
                "type": "boolean"
              }
            ]
          }
        }
      },
      "outputs": {}
    },
    "templateName": null
  },
  "schemaVersion": "1.0.0.0"
}