<ImportExportXml xmlns:xsi="http://www.w3.org/2001/XMLSchema-instance">
  <Entities></Entities>
  <Roles></Roles>
  <Workflows>
    <Workflow WorkflowId="{07b2a9c0-d39c-ec11-b400-002248623b52}" Name="Wordle_Init" Description="Power Virtual Agents からこのフローを呼び出します。">
      <JsonFileName>/Workflows/Wordle_Init-07B2A9C0-D39C-EC11-B400-002248623B52.json</JsonFileName>
      <Type>1</Type>
      <Subprocess>0</Subprocess>
      <Category>5</Category>
      <Mode>0</Mode>
      <Scope>4</Scope>
      <OnDemand>0</OnDemand>
      <TriggerOnCreate>0</TriggerOnCreate>
      <TriggerOnDelete>0</TriggerOnDelete>
      <AsyncAutodelete>0</AsyncAutodelete>
      <SyncWorkflowLogOnFailure>0</SyncWorkflowLogOnFailure>
      <StateCode>1</StateCode>
      <StatusCode>2</StatusCode>
      <RunAs>1</RunAs>
      <IsTransacted>1</IsTransacted>
      <IntroducedVersion>1.0.0.0</IntroducedVersion>
      <IsCustomizable>1</IsCustomizable>
      <BusinessProcessType>0</BusinessProcessType>
      <PrimaryEntity>none</PrimaryEntity>
      <LocalizedNames>
        <LocalizedName languagecode="1033" description="Wordle_Init" />
        <LocalizedName languagecode="1041" description="Wordle_Init" />
      </LocalizedNames>
      <Descriptions>
        <Description languagecode="1033" description="Power Virtual Agents からこのフローを呼び出します。" />
        <Description languagecode="1041" description="Power Virtual Agents からこのフローを呼び出します。" />
      </Descriptions>
    </Workflow>
    <Workflow WorkflowId="{dc41a692-d49c-ec11-b400-002248623b52}" Name="Wordle_Main" Description="Power Virtual Agents からこのフローを呼び出します。">
      <JsonFileName>/Workflows/Wordle_Main-DC41A692-D49C-EC11-B400-002248623B52.json</JsonFileName>
      <Type>1</Type>
      <Subprocess>0</Subprocess>
      <Category>5</Category>
      <Mode>0</Mode>
      <Scope>4</Scope>
      <OnDemand>0</OnDemand>
      <TriggerOnCreate>0</TriggerOnCreate>
      <TriggerOnDelete>0</TriggerOnDelete>
      <AsyncAutodelete>0</AsyncAutodelete>
      <SyncWorkflowLogOnFailure>0</SyncWorkflowLogOnFailure>
      <StateCode>1</StateCode>
      <StatusCode>2</StatusCode>
      <RunAs>1</RunAs>
      <IsTransacted>1</IsTransacted>
      <IntroducedVersion>1.0.0.0</IntroducedVersion>
      <IsCustomizable>1</IsCustomizable>
      <BusinessProcessType>0</BusinessProcessType>
      <PrimaryEntity>none</PrimaryEntity>
      <LocalizedNames>
        <LocalizedName languagecode="1033" description="Wordle_Main" />
        <LocalizedName languagecode="1041" description="Wordle_Main" />
      </LocalizedNames>
      <Descriptions>
        <Description languagecode="1033" description="Power Virtual Agents からこのフローを呼び出します。" />
        <Description languagecode="1041" description="Power Virtual Agents からこのフローを呼び出します。" />
      </Descriptions>
    </Workflow>
  </Workflows>
  <FieldSecurityProfiles></FieldSecurityProfiles>
  <Templates />
  <EntityMaps />
  <EntityRelationships />
  <OrganizationSettings />
  <optionsets />
  <CustomControls />
  <EntityDataProviders />
  <Languages>
    <Language>1033</Language>
    <Language>1041</Language>
  </Languages>
</ImportExportXml>