<ImportExportXml version="9.2.23042.176" SolutionPackageVersion="9.2" languagecode="1033" generatedBy="CrmLive" xmlns:xsi="http://www.w3.org/2001/XMLSchema-instance">
  <SolutionManifest>
    <UniqueName>Wordle</UniqueName>
    <LocalizedNames>
      <LocalizedName description="Wordle" languagecode="1033" />
      <LocalizedName description="Wordle" languagecode="1041" />
    </LocalizedNames>
    <Descriptions />
    <Version>1.0.0.3</Version>
    <Managed>0</Managed>
    <Publisher>
      <UniqueName>Cr4d702</UniqueName>
      <LocalizedNames>
        <LocalizedName description="CDS Default Publisher" languagecode="1033" />
      </LocalizedNames>
      <Descriptions />
      <EMailAddress xsi:nil="true"></EMailAddress>
      <SupportingWebsiteUrl xsi:nil="true"></SupportingWebsiteUrl>
      <CustomizationPrefix>cr8ef</CustomizationPrefix>
      <CustomizationOptionValuePrefix>55568</CustomizationOptionValuePrefix>
    </Publisher>
    <RootComponents>
      <RootComponent type="29" id="{07b2a9c0-d39c-ec11-b400-002248623b52}" behavior="0" />
      <RootComponent type="29" id="{dc41a692-d49c-ec11-b400-002248623b52}" behavior="0" />
    </RootComponents>
    <MissingDependencies />
  </SolutionManifest>
</ImportExportXml>