{
  "intents": [
    {
      "triggerQueries": [
        "WORDLE",
        "wordle"
      ],
      "dialogId": "new_topic_3333b63a99f74e0a8fd9bc6bcf3e088a",
      "isTriggeringEnabled": true,
      "id": "new_topic_3333b63a99f74e0a8fd9bc6bcf3e088a",
      "displayName": "WORDLE_INIT",
      "createdTime": "2022-03-06T07:49:13.1045233Z",
      "updatedTime": "2022-08-12T21:52:55.0494761Z",
      "createdUserId": "da46df74-8329-4857-9caf-b5f9bcb15f69",
      "updatedUserId": "da46df74-8329-4857-9caf-b5f9bcb15f69"
    }
  ],
  "dialogs": [
    {
      "rootNodeId": "c2da2e03-8faf-46d6-ab89-6a0ef04319a8",
      "messageNodes": [
        {
          "botMessageId": "946cb87a-7981-4284-9cd2-0c979195eb0e",
          "nodeType": "BotMessageNode",
          "id": "8275c6f5-768a-458e-ac17-27fdbea5b9de",
          "defaultTargetNodeId": "0553ffb2-883a-4999-bd0e-0d9658616298"
        },
        {
          "botMessageId": "004d4d50-8edc-42f4-bd80-b29c78558b2b",
          "nodeType": "BotMessageNode",
          "id": "c2da2e03-8faf-46d6-ab89-6a0ef04319a8",
          "defaultTargetNodeId": "4adf2ecc-f253-4997-8b18-707f50a1eb54"
        }
      ],
      "actionNodes": [
        {
          "contextVariableId": "d407a816-758d-406f-997b-e9899a4b12e1",
          "nodeType": "ActionNode",
          "outputExpressionVariableIds": [
            "9d0283d9-4c22-4e02-b6e7-d69b51319563",
            "9fc2345a-1f28-44a3-8d01-cca829d56be2"
          ],
          "id": "4adf2ecc-f253-4997-8b18-707f50a1eb54",
          "defaultTargetNodeId": "8275c6f5-768a-458e-ac17-27fdbea5b9de"
        }
      ],
      "dialogChangeNodes": [
        {
          "targetDialogId": "new_topic_be88fc9e9d9a48b5bd2556332d20036e",
          "nodeType": "DialogChangeNode",
          "inputParameterVariableIdMap": {
            "6bf05e7f-2779-470f-af15-b019fa21fdd1": "{9fc2345a-1f28-44a3-8d01-cca829d56be2}",
            "ec784150-75eb-4420-ac37-20b8952dd45d": "{9d0283d9-4c22-4e02-b6e7-d69b51319563}"
          },
          "id": "0553ffb2-883a-4999-bd0e-0d9658616298"
        }
      ],
      "id": "new_topic_3333b63a99f74e0a8fd9bc6bcf3e088a",
      "displayName": "無題",
      "createdTime": "2022-03-06T07:49:13.1045233Z",
      "updatedTime": "2022-08-12T21:52:55.0494761Z",
      "createdUserId": "da46df74-8329-4857-9caf-b5f9bcb15f69",
      "updatedUserId": "da46df74-8329-4857-9caf-b5f9bcb15f69"
    }
  ],
  "botMessages": [
    {
      "channelContent": {
        "web": {
          "contentFormat": "Markdown",
          "content": "{9d0283d9-4c22-4e02-b6e7-d69b51319563}"
        }
      },
      "id": "946cb87a-7981-4284-9cd2-0c979195eb0e",
      "createdTime": "2022-08-12T21:49:33.473Z",
      "updatedTime": "2022-08-12T21:49:33.473Z",
      "createdUserId": "user-0",
      "updatedUserId": "user-0"
    },
    {
      "channelContent": {
        "web": {
          "contentFormat": "Markdown",
          "content": "こんにちは！Wordleボットです。  \n推測した単語を入力してください！"
        }
      },
      "id": "004d4d50-8edc-42f4-bd80-b29c78558b2b",
      "createdTime": "2022-08-12T21:51:24.074Z",
      "updatedTime": "2022-08-12T21:51:24.074Z",
      "createdUserId": "user-0",
      "updatedUserId": "user-0"
    }
  ],
  "actionDefinitions": [
    {
      "timeoutInSeconds": 60,
      "retryCount": 1,
      "method": 2,
      "headers": {
        "accept": "application/json"
      },
      "bodyContent": "",
      "actionType": "Flow",
      "flowMetadata": {
        "id": "07b2a9c0-d39c-ec11-b400-002248623b52",
        "title": "Wordle_Init",
        "description": "Power Virtual Agents からこのフローを呼び出します。",
        "httpMethod": 2,
        "outputParameters": [
          {
            "name": "答え",
            "id": "答え",
            "type": "String",
            "optional": true
          },
          {
            "name": "回答履歴",
            "id": "回答履歴",
            "type": "String",
            "optional": true
          }
        ],
        "outputSchemaType": "Json",
        "createdTime": "2022-03-05T22:29:43Z",
        "isEnabled": true,
        "lastModifiedTime": "2022-03-06T06:26:49Z",
        "versionNumber": 493543
      },
      "id": "b130f3e0-159d-461e-af16-dde4363304eb",
      "displayName": "Wordle_Init",
      "description": "Power Virtual Agents からこのフローを呼び出します。",
      "createdTime": "2022-03-06T07:49:00.486Z",
      "updatedTime": "2022-03-06T07:49:00.486Z"
    }
  ],
  "contextVariables": [
    {
      "customTypeId": "2dffda9d-bee2-45f8-9a32-431e9acb15c0",
      "initializerType": "Action",
      "scope": "Dialog",
      "greedySlotFillingEnabled": false,
      "isInput": false,
      "externalInitializationAllowed": false,
      "actionId": "b130f3e0-159d-461e-af16-dde4363304eb",
      "isGlobal": false,
      "id": "d407a816-758d-406f-997b-e9899a4b12e1",
      "displayName": "",
      "createdTime": "2022-03-06T07:49:13.1045233Z",
      "updatedTime": "2022-08-12T21:52:55.0494761Z",
      "createdUserId": "da46df74-8329-4857-9caf-b5f9bcb15f69",
      "updatedUserId": "da46df74-8329-4857-9caf-b5f9bcb15f69"
    },
    {
      "systemType": "String",
      "initializerType": "Expression",
      "scope": "Dialog",
      "greedySlotFillingEnabled": false,
      "isInput": false,
      "externalInitializationAllowed": false,
      "expression": "@parameters('d407a816-758d-406f-997b-e9899a4b12e1')['答え']",
      "isGlobal": false,
      "id": "9d0283d9-4c22-4e02-b6e7-d69b51319563",
      "displayName": "答え",
      "createdTime": "2022-03-06T07:49:13.1045233Z",
      "updatedTime": "2022-08-12T21:52:55.0494761Z",
      "createdUserId": "da46df74-8329-4857-9caf-b5f9bcb15f69",
      "updatedUserId": "da46df74-8329-4857-9caf-b5f9bcb15f69"
    },
    {
      "systemType": "String",
      "initializerType": "Expression",
      "scope": "Dialog",
      "greedySlotFillingEnabled": false,
      "isInput": false,
      "externalInitializationAllowed": false,
      "expression": "@parameters('d407a816-758d-406f-997b-e9899a4b12e1')['回答履歴']",
      "isGlobal": false,
      "id": "9fc2345a-1f28-44a3-8d01-cca829d56be2",
      "displayName": "回答履歴",
      "createdTime": "2022-03-06T07:49:13.1045233Z",
      "updatedTime": "2022-08-12T21:52:55.0494761Z",
      "createdUserId": "da46df74-8329-4857-9caf-b5f9bcb15f69",
      "updatedUserId": "da46df74-8329-4857-9caf-b5f9bcb15f69"
    }
  ],
  "jsonTypes": [
    {
      "customTypeSchema": "Json",
      "id": "2dffda9d-bee2-45f8-9a32-431e9acb15c0",
      "displayName": "Response Json Type for Flow - Wordle_Init",
      "createdTime": "2022-03-06T07:49:00.487Z",
      "updatedTime": "2022-03-06T07:49:00.487Z"
    }
  ]
}