<bot_botcomponentset>
  <bot_botcomponent botcomponentid.schemaname="new_customtype_500bf2d55c9e47b4bf5e3f41a5b7281f_92610204747047ac8f788f7eecd91118" botid.schemaname="new_bot_500bf2d55c9e47b4bf5e3f41a5b7281f">
    <iscustomizable>1</iscustomizable>
  </bot_botcomponent>
  <bot_botcomponent botcomponentid.schemaname="new_customtype_500bf2d55c9e47b4bf5e3f41a5b7281f_f86fcadfd497444e91ed11c12b059d10" botid.schemaname="new_bot_500bf2d55c9e47b4bf5e3f41a5b7281f">
    <iscustomizable>1</iscustomizable>
  </bot_botcomponent>
  <bot_botcomponent botcomponentid.schemaname="new_topic_3333b63a99f74e0a8fd9bc6bcf3e088a" botid.schemaname="new_bot_500bf2d55c9e47b4bf5e3f41a5b7281f">
    <iscustomizable>1</iscustomizable>
  </bot_botcomponent>
  <bot_botcomponent botcomponentid.schemaname="new_topic_500bf2d55c9e47b4bf5e3f41a5b7281f_3d2584ec30914684839527e05e7be172_thankyou" botid.schemaname="new_bot_500bf2d55c9e47b4bf5e3f41a5b7281f">
    <iscustomizable>1</iscustomizable>
  </bot_botcomponent>
  <bot_botcomponent botcomponentid.schemaname="new_topic_500bf2d55c9e47b4bf5e3f41a5b7281f_8a4964498f83424bb3a86295bf7d0952_startover" botid.schemaname="new_bot_500bf2d55c9e47b4bf5e3f41a5b7281f">
    <iscustomizable>1</iscustomizable>
  </bot_botcomponent>
  <bot_botcomponent botcomponentid.schemaname="new_topic_500bf2d55c9e47b4bf5e3f41a5b7281f_954135cafcd647eaae5999ad91fc08cf_talktoagent" botid.schemaname="new_bot_500bf2d55c9e47b4bf5e3f41a5b7281f">
    <iscustomizable>1</iscustomizable>
  </bot_botcomponent>
  <bot_botcomponent botcomponentid.schemaname="new_topic_500bf2d55c9e47b4bf5e3f41a5b7281f_aeabea4d071f415c8c107e1cb7af5424_assumedsuccess" botid.schemaname="new_bot_500bf2d55c9e47b4bf5e3f41a5b7281f">
    <iscustomizable>1</iscustomizable>
  </bot_botcomponent>
  <bot_botcomponent botcomponentid.schemaname="new_topic_500bf2d55c9e47b4bf5e3f41a5b7281f_ba7b967c97ba4c39bca58a8bb6a72d59_conversationstart" botid.schemaname="new_bot_500bf2d55c9e47b4bf5e3f41a5b7281f">
    <iscustomizable>1</iscustomizable>
  </bot_botcomponent>
  <bot_botcomponent botcomponentid.schemaname="new_topic_500bf2d55c9e47b4bf5e3f41a5b7281f_d2198a5ee41a48a5bf70ab8970145a9f_confirmedfailure" botid.schemaname="new_bot_500bf2d55c9e47b4bf5e3f41a5b7281f">
    <iscustomizable>1</iscustomizable>
  </bot_botcomponent>
  <bot_botcomponent botcomponentid.schemaname="new_topic_500bf2d55c9e47b4bf5e3f41a5b7281f_db1f76b081dc43389df9dd2df7518737_confirmedsuccess" botid.schemaname="new_bot_500bf2d55c9e47b4bf5e3f41a5b7281f">
    <iscustomizable>1</iscustomizable>
  </bot_botcomponent>
  <bot_botcomponent botcomponentid.schemaname="new_topic_500bf2d55c9e47b4bf5e3f41a5b7281f_f56d1a3e522740c78f9fac0939332dbd_goodbye" botid.schemaname="new_bot_500bf2d55c9e47b4bf5e3f41a5b7281f">
    <iscustomizable>1</iscustomizable>
  </bot_botcomponent>
  <bot_botcomponent botcomponentid.schemaname="new_topic_be88fc9e9d9a48b5bd2556332d20036e.dialog.schema" botid.schemaname="new_bot_500bf2d55c9e47b4bf5e3f41a5b7281f">
    <iscustomizable>1</iscustomizable>
  </bot_botcomponent>
  <bot_botcomponent botcomponentid.schemaname="new_topic_be88fc9e9d9a48b5bd2556332d20036e" botid.schemaname="new_bot_500bf2d55c9e47b4bf5e3f41a5b7281f">
    <iscustomizable>1</iscustomizable>
  </bot_botcomponent>
  <bot_botcomponent botcomponentid.schemaname="new_topic_cb6a8814244b4ca2946aeef0c96bdd81.dialog.schema" botid.schemaname="new_bot_500bf2d55c9e47b4bf5e3f41a5b7281f">
    <iscustomizable>1</iscustomizable>
  </bot_botcomponent>
  <bot_botcomponent botcomponentid.schemaname="new_topic_cb6a8814244b4ca2946aeef0c96bdd81" botid.schemaname="new_bot_500bf2d55c9e47b4bf5e3f41a5b7281f">
    <iscustomizable>1</iscustomizable>
  </bot_botcomponent>
</bot_botcomponentset>