<botcomponent_botcomponentset>
  <botcomponent_botcomponent botcomponentidone.schemaname="new_topic_3333b63a99f74e0a8fd9bc6bcf3e088a" botcomponentidtwo.schemaname="new_topic_be88fc9e9d9a48b5bd2556332d20036e">
    <iscustomizable>1</iscustomizable>
  </botcomponent_botcomponent>
  <botcomponent_botcomponent botcomponentidone.schemaname="new_topic_500bf2d55c9e47b4bf5e3f41a5b7281f_8a4964498f83424bb3a86295bf7d0952_startover" botcomponentidtwo.schemaname="new_topic_500bf2d55c9e47b4bf5e3f41a5b7281f_ba7b967c97ba4c39bca58a8bb6a72d59_conversationstart">
    <iscustomizable>1</iscustomizable>
  </botcomponent_botcomponent>
  <botcomponent_botcomponent botcomponentidone.schemaname="new_topic_500bf2d55c9e47b4bf5e3f41a5b7281f_aeabea4d071f415c8c107e1cb7af5424_assumedsuccess" botcomponentidtwo.schemaname="new_topic_500bf2d55c9e47b4bf5e3f41a5b7281f_d2198a5ee41a48a5bf70ab8970145a9f_confirmedfailure">
    <iscustomizable>1</iscustomizable>
  </botcomponent_botcomponent>
  <botcomponent_botcomponent botcomponentidone.schemaname="new_topic_500bf2d55c9e47b4bf5e3f41a5b7281f_aeabea4d071f415c8c107e1cb7af5424_assumedsuccess" botcomponentidtwo.schemaname="new_topic_500bf2d55c9e47b4bf5e3f41a5b7281f_db1f76b081dc43389df9dd2df7518737_confirmedsuccess">
    <iscustomizable>1</iscustomizable>
  </botcomponent_botcomponent>
  <botcomponent_botcomponent botcomponentidone.schemaname="new_topic_500bf2d55c9e47b4bf5e3f41a5b7281f_d2198a5ee41a48a5bf70ab8970145a9f_confirmedfailure" botcomponentidtwo.schemaname="new_topic_500bf2d55c9e47b4bf5e3f41a5b7281f_954135cafcd647eaae5999ad91fc08cf_talktoagent">
    <iscustomizable>1</iscustomizable>
  </botcomponent_botcomponent>
  <botcomponent_botcomponent botcomponentidone.schemaname="new_topic_500bf2d55c9e47b4bf5e3f41a5b7281f_db1f76b081dc43389df9dd2df7518737_confirmedsuccess" botcomponentidtwo.schemaname="new_customtype_500bf2d55c9e47b4bf5e3f41a5b7281f_92610204747047ac8f788f7eecd91118">
    <iscustomizable>1</iscustomizable>
  </botcomponent_botcomponent>
  <botcomponent_botcomponent botcomponentidone.schemaname="new_topic_500bf2d55c9e47b4bf5e3f41a5b7281f_db1f76b081dc43389df9dd2df7518737_confirmedsuccess" botcomponentidtwo.schemaname="new_topic_500bf2d55c9e47b4bf5e3f41a5b7281f_f56d1a3e522740c78f9fac0939332dbd_goodbye">
    <iscustomizable>1</iscustomizable>
  </botcomponent_botcomponent>
  <botcomponent_botcomponent botcomponentidone.schemaname="new_topic_be88fc9e9d9a48b5bd2556332d20036e" botcomponentidtwo.schemaname="new_topic_3333b63a99f74e0a8fd9bc6bcf3e088a">
    <iscustomizable>1</iscustomizable>
  </botcomponent_botcomponent>
  <botcomponent_botcomponent botcomponentidone.schemaname="new_topic_be88fc9e9d9a48b5bd2556332d20036e" botcomponentidtwo.schemaname="new_topic_cb6a8814244b4ca2946aeef0c96bdd81">
    <iscustomizable>1</iscustomizable>
  </botcomponent_botcomponent>
  <botcomponent_botcomponent botcomponentidone.schemaname="new_topic_cb6a8814244b4ca2946aeef0c96bdd81" botcomponentidtwo.schemaname="new_topic_3333b63a99f74e0a8fd9bc6bcf3e088a">
    <iscustomizable>1</iscustomizable>
  </botcomponent_botcomponent>
  <botcomponent_botcomponent botcomponentidone.schemaname="new_topic_cb6a8814244b4ca2946aeef0c96bdd81" botcomponentidtwo.schemaname="new_topic_be88fc9e9d9a48b5bd2556332d20036e">
    <iscustomizable>1</iscustomizable>
  </botcomponent_botcomponent>
</botcomponent_botcomponentset>