<botcomponent_workflowset>
  <botcomponent_workflow botcomponentid.schemaname="new_topic_3333b63a99f74e0a8fd9bc6bcf3e088a" workflowid.workflowid="07b2a9c0-d39c-ec11-b400-002248623b52">
    <iscustomizable>1</iscustomizable>
  </botcomponent_workflow>
  <botcomponent_workflow botcomponentid.schemaname="new_topic_be88fc9e9d9a48b5bd2556332d20036e" workflowid.workflowid="dc41a692-d49c-ec11-b400-002248623b52">
    <iscustomizable>1</iscustomizable>
  </botcomponent_workflow>
  <botcomponent_workflow botcomponentid.schemaname="new_topic_cb6a8814244b4ca2946aeef0c96bdd81" workflowid.workflowid="dc41a692-d49c-ec11-b400-002248623b52">
    <iscustomizable>1</iscustomizable>
  </botcomponent_workflow>
</botcomponent_workflowset>